{"op1": [[1.0, 2.49, 2.54, -2.0]], "op2": [[1.0, 2.49, 2.54, 2.0]], "c5": [[0.9180818310129917, 1.41, 2.52, 2.71], [0.08191816898700827, 1.41, 2.52, -2.12]], "c3": [[0.8556917253599591, 2.35, 2.49, 1.56], [0.14430827464004095, 2.35, 2.49, 2.58]], "c2": [[0.8884836804783435, 1.52, 1.27, 0.04], [0.11151631952165639, 1.52, 1.27, -0.38]], "o2": [[0.8415581813930694, 1.41, 1.25, 1.64], [0.15844181860693068, 1.41, 1.25, 2.54]], "o4": [[0.8589191218107578, 1.41, 2.52, -0.87], [0.14108087818924223, 1.41, 2.52, -1.28]], "buC6": [[1.0, 1.76, 2.19, -0.11]], "buN1": [[1.0, 1.36, 2.1, 0.0]], "buC2": [[1.0, 1.23, 2.15, -3.14]], "buO2": [[1.0, 2.43, 2.0, -3.14]], "buN3": [[1.0, 0.89, 0.79, -3.14]], "buC4": [[1.0, 1.28, 1.36, -3.14]], "buO4": [[1.0, 1.22, 1.06, -3.15]], "buC5": [[1.0, 1.66, 2.35, -3.14]], "bcC6": [[1.0, 1.76, 2.17, -0.37]], "bcN1": [[1.0, 1.36, 2.14, 0.0]], "bcC2": [[1.0, 1.15, 2.09, -3.14]], "bcO2": [[0.9819406155788007, 2.38, 1.98, -3.14], [0.018059384421199306, 2.38, 1.98, -3.12]], "bcN3": [[1.0, 0.97, 0.73, -3.15]], "bcC4": [[1.0, 1.25, 1.37, -3.14]], "bcN4": [[1.0, 1.33, 1.08, -3.15]], "bcC5": [[1.0, 1.67, 2.35, -3.14]], "baN9": [[1.0, 1.16, 1.31, 0.0]], "baC4": [[1.0, 1.19, 2.55, -0.0]], "baN3": [[1.0, 1.4, 1.58, 0.0]], "baC2": [[1.0, 1.22, 0.53, 0.0]], "baN1": [[1.0, 1.33, 0.55, -3.14]], "baC6": [[1.0, 1.41, 1.58, -3.15]], "baN6": [[1.0, 2.74, 1.55, -3.15]], "baC5": [[1.0, 1.41, 2.62, -3.15]], "baN7": [[1.0, 1.18, 1.22, -3.15]], "baC8": [[1.0, 1.36, 2.27, -3.15]], "bgN9": [[1.0, 1.16, 1.32, 0.0]], "bgC4": [[1.0, 1.2, 2.56, -0.0]], "bgN3": [[1.0, 1.41, 1.57, 0.0]], "bgC2": [[1.0, 1.28, 0.55, -0.0]], "bgN2": [[1.0, 2.63, 0.51, -0.0]], "bgN1": [[1.0, 1.29, 0.56, -3.14]], "bgC6": [[1.0, 1.48, 1.6, -3.15]], "bgO6": [[1.0, 2.71, 1.54, -3.15]], "bgC5": [[1.0, 1.41, 2.62, -3.15]], "bgN7": [[1.0, 1.17, 1.2, -3.15]], "bgC8": [[1.0, 1.36, 2.27, -3.15]]}